id,name,slug,description,categoryId,brandId,basePrice,createdAt,updatedAt
bb483a44-bc2e-4d87-822d-04071d6bc9d2,Home and Garden Product 0,home-and-garden-product-0,A great Home and Garden product from Craft & Co.,4f2cb014-abf4-42d6-93f8-f801ea7b1173,278f3623-d35c-48bb-a43e-94635e8cef64,9791.501559673245,2026-01-01,2026-01-01
730f446e-d92f-42fc-9bda-c2faa1039493,Sports and Outdoors Product 1,sports-and-outdoors-product-1,A great Sports and Outdoors product from Peak Performance.,7adad1e0-c8e3-4c6d-8d7d-81873cecb006,28660588-c024-4d81-8d09-8bd42223f1a9,9342.636274035774,2026-01-01,2026-01-01
ba3ede2d-bc2d-4295-819a-acf758e2ffcd,Groceries Product 2,groceries-product-2,A great Groceries product from Peak Performance.,a9f62412-ab4e-46a4-b908-215d900d4611,28660588-c024-4d81-8d09-8bd42223f1a9,2871.0122341583933,2026-01-01,2026-01-01
3a18c9ee-7789-444e-a861-7a357c645238,Books Product 3,books-product-3,A great Books product from Solstice.,167dd0df-3dc4-4f24-84ce-c8fd765905a4,89ea2f17-c2ca-4fef-ae5a-6dd6957c69a1,4828.749656480379,2026-01-01,2026-01-01
d44025be-1f64-46e7-b713-4921303ea488,Clothing Product 4,clothing-product-4,A great Clothing product from Everyday Essentials.,0c4c8110-d542-431d-87fd-89c15fb61e5b,2578be8c-af9e-4366-8e87-f6b6132a0d4d,6800.590047695969,2026-01-01,2026-01-01
a47f609c-0afd-40bb-9021-4edba1041147,Groceries Product 5,groceries-product-5,A great Groceries product from Urban Edge.,a9f62412-ab4e-46a4-b908-215d900d4611,d9473997-4972-49fa-afca-292f068b1c0d,7779.894625099746,2026-01-01,2026-01-01
4129a81a-633e-4988-af75-cb1c91272c49,Groceries Product 6,groceries-product-6,A great Groceries product from Nova.,a9f62412-ab4e-46a4-b908-215d900d4611,1cdf4477-f1db-4444-ac52-cb34c06bdf98,9253.490865055626,2026-01-01,2026-01-01
2209ef87-5989-4884-af20-b1495d491a60,Toys and Games Product 7,toys-and-games-product-7,A great Toys and Games product from Pure Living.,04a586fb-05d6-43e7-8899-82be5e81b1f7,0709ae63-126c-48f5-bfd7-249e276cc1d0,6922.453792978951,2026-01-01,2026-01-01
875381dc-6313-4a34-82f8-031c291b454a,Home and Garden Product 8,home-and-garden-product-8,A great Home and Garden product from Pure Living.,4f2cb014-abf4-42d6-93f8-f801ea7b1173,0709ae63-126c-48f5-bfd7-249e276cc1d0,3658.0168328249847,2026-01-01,2026-01-01
b65961ee-4f1f-4556-ba1d-19b6549b7519,Sports and Outdoors Product 9,sports-and-outdoors-product-9,A great Sports and Outdoors product from Zenith.,7adad1e0-c8e3-4c6d-8d7d-81873cecb006,02664f5d-9fc8-4a73-ad4d-af0c636ac975,8107.917223012519,2026-01-01,2026-01-01
724fa03c-bce9-48fd-b64f-50a7358624ec,Beauty and Personal Care Product 10,beauty-and-personal-care-product-10,A great Beauty and Personal Care product from Nova.,1c05029c-c897-4135-a7d0-cb3f9130bb3f,1cdf4477-f1db-4444-ac52-cb34c06bdf98,2934.618374013296,2026-01-01,2026-01-01
378897cc-924c-47f1-b226-1e22506a82a9,Toys and Games Product 11,toys-and-games-product-11,A great Toys and Games product from Solstice.,04a586fb-05d6-43e7-8899-82be5e81b1f7,89ea2f17-c2ca-4fef-ae5a-6dd6957c69a1,3115.577565702545,2026-01-01,2026-01-01
66419dfd-a8f4-49f3-a16e-850fef2c2242,Home and Garden Product 12,home-and-garden-product-12,A great Home and Garden product from Momentum.,4f2cb014-abf4-42d6-93f8-f801ea7b1173,5ac558dd-7bb9-4a4b-bb5b-98235542daca,8310.562639592987,2026-01-01,2026-01-01
1e1867d5-4336-4c22-80ba-186a1d46e9ac,Books Product 13,books-product-13,A great Books product from Momentum.,167dd0df-3dc4-4f24-84ce-c8fd765905a4,5ac558dd-7bb9-4a4b-bb5b-98235542daca,9293.7613177466,2026-01-01,2026-01-01
090f4b59-aa2b-49d0-a78f-47ca45b5a5e6,Sports and Outdoors Product 14,sports-and-outdoors-product-14,A great Sports and Outdoors product from Everyday Essentials.,7adad1e0-c8e3-4c6d-8d7d-81873cecb006,2578be8c-af9e-4366-8e87-f6b6132a0d4d,5225.914090212927,2026-01-01,2026-01-01
3f089685-6fa4-4771-acda-3668017de874,Electronics Product 15,electronics-product-15,A great Electronics product from Everyday Essentials.,f1734bdc-1bd8-41d7-a347-608eff237041,2578be8c-af9e-4366-8e87-f6b6132a0d4d,8055.184612937322,2026-01-01,2026-01-01
69838969-8a8a-424a-9a51-d9abc53dd812,Electronics Product 16,electronics-product-16,A great Electronics product from Bright Home.,f1734bdc-1bd8-41d7-a347-608eff237041,bc8e5b81-224b-49b8-a9e0-617276d0601a,4727.690227267619,2026-01-01,2026-01-01
e50ea7b5-5076-4e11-bfc5-f18b5a60c046,Groceries Product 17,groceries-product-17,A great Groceries product from Nova.,a9f62412-ab4e-46a4-b908-215d900d4611,1cdf4477-f1db-4444-ac52-cb34c06bdf98,7500.2792779565225,2026-01-01,2026-01-01
fd0825ef-759e-4376-a9e2-528079b933d5,Clothing Product 18,clothing-product-18,A great Clothing product from Trendify.,0c4c8110-d542-431d-87fd-89c15fb61e5b,38fe5ff3-331d-49a1-afde-2111ae92f3a3,3482.291345503366,2026-01-01,2026-01-01
5a0d87d5-640b-43b6-b5f7-990c7e17f4e6,Toys and Games Product 19,toys-and-games-product-19,A great Toys and Games product from Everyday Essentials.,04a586fb-05d6-43e7-8899-82be5e81b1f7,2578be8c-af9e-4366-8e87-f6b6132a0d4d,7058.631744252915,2026-01-01,2026-01-01
698bb9b0-14ca-4929-ad20-94e9fa1ae8b9,Toys and Games Product 20,toys-and-games-product-20,A great Toys and Games product from Lumin.,04a586fb-05d6-43e7-8899-82be5e81b1f7,584f0bfe-f600-4cbc-9ff3-923419ba96ed,2491.867047596033,2026-01-01,2026-01-01
1a58c585-22b3-4f62-a27a-a211aa81cfb8,Toys and Games Product 21,toys-and-games-product-21,A great Toys and Games product from Apex Gear.,04a586fb-05d6-43e7-8899-82be5e81b1f7,6a33a8e0-b007-4bab-a5d8-fe7334e1571e,4003.893840344009,2026-01-01,2026-01-01
66f4483f-4482-4838-b680-507476c3ae6a,Books Product 22,books-product-22,A great Books product from Everyday Essentials.,167dd0df-3dc4-4f24-84ce-c8fd765905a4,2578be8c-af9e-4366-8e87-f6b6132a0d4d,2186.939464623517,2026-01-01,2026-01-01
2fea9f87-df78-4758-b702-c9a954d733b4,Sports and Outdoors Product 23,sports-and-outdoors-product-23,A great Sports and Outdoors product from Vitality.,7adad1e0-c8e3-4c6d-8d7d-81873cecb006,f87917e9-127f-403b-9e44-65092d81f281,1624.334195218594,2026-01-01,2026-01-01
95e03157-6983-49a3-a50f-7ab6cb493a16,Toys and Games Product 24,toys-and-games-product-24,A great Toys and Games product from Vitality.,04a586fb-05d6-43e7-8899-82be5e81b1f7,f87917e9-127f-403b-9e44-65092d81f281,7591.745518733998,2026-01-01,2026-01-01
00943c49-271b-4a8a-a940-b5b913a7a4d2,Electronics Product 25,electronics-product-25,A great Electronics product from Nova.,f1734bdc-1bd8-41d7-a347-608eff237041,1cdf4477-f1db-4444-ac52-cb34c06bdf98,9169.982611356876,2026-01-01,2026-01-01
9a712dc3-a9ec-4ab6-b011-7276ec2c49c2,Sports and Outdoors Product 26,sports-and-outdoors-product-26,A great Sports and Outdoors product from Craft & Co.,7adad1e0-c8e3-4c6d-8d7d-81873cecb006,278f3623-d35c-48bb-a43e-94635e8cef64,7318.778380647713,2026-01-01,2026-01-01
d47c6c4b-1105-4c3d-9b86-c66c41b000f8,Toys and Games Product 27,toys-and-games-product-27,A great Toys and Games product from Bright Home.,04a586fb-05d6-43e7-8899-82be5e81b1f7,bc8e5b81-224b-49b8-a9e0-617276d0601a,7250.952499550076,2026-01-01,2026-01-01
5ee8ec4a-85d7-4ecf-843f-32d240ee53fc,Groceries Product 28,groceries-product-28,A great Groceries product from Trendify.,a9f62412-ab4e-46a4-b908-215d900d4611,38fe5ff3-331d-49a1-afde-2111ae92f3a3,6616.291730937972,2026-01-01,2026-01-01
d39a64f4-bcdf-46ca-b36f-102400596313,Electronics Product 29,electronics-product-29,A great Electronics product from Vitality.,f1734bdc-1bd8-41d7-a347-608eff237041,f87917e9-127f-403b-9e44-65092d81f281,6472.154033976427,2026-01-01,2026-01-01
20f80577-fd4e-4d55-bcdc-0f9c9d339eae,Electronics Product 30,electronics-product-30,A great Electronics product from Peak Performance.,f1734bdc-1bd8-41d7-a347-608eff237041,28660588-c024-4d81-8d09-8bd42223f1a9,9668.13028822812,2026-01-01,2026-01-01
eae874c0-8178-4ca9-9289-ae6c2dc8256a,Beauty and Personal Care Product 31,beauty-and-personal-care-product-31,A great Beauty and Personal Care product from Apex Gear.,1c05029c-c897-4135-a7d0-cb3f9130bb3f,6a33a8e0-b007-4bab-a5d8-fe7334e1571e,2759.6211930113827,2026-01-01,2026-01-01
f1ff591f-7ddb-499d-b5bd-4787c71aab4f,Groceries Product 32,groceries-product-32,A great Groceries product from Bright Home.,a9f62412-ab4e-46a4-b908-215d900d4611,bc8e5b81-224b-49b8-a9e0-617276d0601a,7606.289005516707,2026-01-01,2026-01-01
b2e82e4b-f987-411e-8153-3783f3360725,Sports and Outdoors Product 33,sports-and-outdoors-product-33,A great Sports and Outdoors product from Craft & Co.,7adad1e0-c8e3-4c6d-8d7d-81873cecb006,278f3623-d35c-48bb-a43e-94635e8cef64,4012.6601568209785,2026-01-01,2026-01-01
35507b39-9717-4c15-9f6c-b4d9957b0312,Beauty and Personal Care Product 34,beauty-and-personal-care-product-34,A great Beauty and Personal Care product from Urban Edge.,1c05029c-c897-4135-a7d0-cb3f9130bb3f,d9473997-4972-49fa-afca-292f068b1c0d,3584.863223038106,2026-01-01,2026-01-01
0a9dee5f-dbe0-4bbe-bde8-911080efa65e,Beauty and Personal Care Product 35,beauty-and-personal-care-product-35,A great Beauty and Personal Care product from Trendify.,1c05029c-c897-4135-a7d0-cb3f9130bb3f,38fe5ff3-331d-49a1-afde-2111ae92f3a3,6328.28415205947,2026-01-01,2026-01-01
e54b6e57-24fd-46a2-b162-dd3c9e05f69d,Groceries Product 36,groceries-product-36,A great Groceries product from Craft & Co.,a9f62412-ab4e-46a4-b908-215d900d4611,278f3623-d35c-48bb-a43e-94635e8cef64,3220.535254201339,2026-01-01,2026-01-01
a86a73c3-24c9-4cfa-ad5f-dbd24d1944e4,Sports and Outdoors Product 37,sports-and-outdoors-product-37,A great Sports and Outdoors product from Pure Living.,7adad1e0-c8e3-4c6d-8d7d-81873cecb006,0709ae63-126c-48f5-bfd7-249e276cc1d0,3336.635500793546,2026-01-01,2026-01-01
45bc3ab1-ee5c-4fb2-87eb-06cb36db0f54,Electronics Product 38,electronics-product-38,A great Electronics product from Zenith.,f1734bdc-1bd8-41d7-a347-608eff237041,02664f5d-9fc8-4a73-ad4d-af0c636ac975,3456.4110098380584,2026-01-01,2026-01-01
4204352c-84da-4948-832c-bfc89c1a0b04,Toys and Games Product 39,toys-and-games-product-39,A great Toys and Games product from Urban Edge.,04a586fb-05d6-43e7-8899-82be5e81b1f7,d9473997-4972-49fa-afca-292f068b1c0d,6025.95264600231,2026-01-01,2026-01-01
f1c66e65-4ce3-4508-8b68-1de568406603,Clothing Product 40,clothing-product-40,A great Clothing product from Bright Home.,0c4c8110-d542-431d-87fd-89c15fb61e5b,bc8e5b81-224b-49b8-a9e0-617276d0601a,2802.8001120059225,2026-01-01,2026-01-01
975551b7-f58a-46cd-94c2-cade240ffcee,Groceries Product 41,groceries-product-41,A great Groceries product from Zenith.,a9f62412-ab4e-46a4-b908-215d900d4611,02664f5d-9fc8-4a73-ad4d-af0c636ac975,8627.358956091948,2026-01-01,2026-01-01
520bb482-a82a-44c6-b639-ec6dd8e5c8a1,Toys and Games Product 42,toys-and-games-product-42,A great Toys and Games product from Pure Living.,04a586fb-05d6-43e7-8899-82be5e81b1f7,0709ae63-126c-48f5-bfd7-249e276cc1d0,8168.580956475777,2026-01-01,2026-01-01
dd54c4be-7853-4b2d-a4f2-f03f09375037,Books Product 43,books-product-43,A great Books product from Peak Performance.,167dd0df-3dc4-4f24-84ce-c8fd765905a4,28660588-c024-4d81-8d09-8bd42223f1a9,9311.897869311388,2026-01-01,2026-01-01
eb8ec85a-31f8-423c-9380-9b46af4cc1ac,Electronics Product 44,electronics-product-44,A great Electronics product from Momentum.,f1734bdc-1bd8-41d7-a347-608eff237041,5ac558dd-7bb9-4a4b-bb5b-98235542daca,5494.169651064434,2026-01-01,2026-01-01
b07a7fc6-ba6d-479f-8dab-06f6ecbee5c0,Books Product 45,books-product-45,A great Books product from Pure Living.,167dd0df-3dc4-4f24-84ce-c8fd765905a4,0709ae63-126c-48f5-bfd7-249e276cc1d0,7203.998978013964,2026-01-01,2026-01-01
345fa3a7-bc2d-4975-8251-5886c1014822,Beauty and Personal Care Product 46,beauty-and-personal-care-product-46,A great Beauty and Personal Care product from Bright Home.,1c05029c-c897-4135-a7d0-cb3f9130bb3f,bc8e5b81-224b-49b8-a9e0-617276d0601a,9009.300214070852,2026-01-01,2026-01-01
eeec83f8-4e5f-405f-a991-b76a407bfd69,Home and Garden Product 47,home-and-garden-product-47,A great Home and Garden product from Peak Performance.,4f2cb014-abf4-42d6-93f8-f801ea7b1173,28660588-c024-4d81-8d09-8bd42223f1a9,6748.421031254481,2026-01-01,2026-01-01
aad52f52-1753-4a49-8f30-f0092c001fd6,Home and Garden Product 48,home-and-garden-product-48,A great Home and Garden product from Bright Home.,4f2cb014-abf4-42d6-93f8-f801ea7b1173,bc8e5b81-224b-49b8-a9e0-617276d0601a,3254.057125960477,2026-01-01,2026-01-01
16c3f099-9d15-4bbb-a674-dbc1b99a539c,Sports and Outdoors Product 49,sports-and-outdoors-product-49,A great Sports and Outdoors product from Vitality.,7adad1e0-c8e3-4c6d-8d7d-81873cecb006,f87917e9-127f-403b-9e44-65092d81f281,9183.82404060946,2026-01-01,2026-01-01
46c745a6-7ffa-4ab9-8b25-a422b8471eb4,Books Product 50,books-product-50,A great Books product from Urban Edge.,167dd0df-3dc4-4f24-84ce-c8fd765905a4,d9473997-4972-49fa-afca-292f068b1c0d,3275.579974017914,2026-01-01,2026-01-01
27a06506-ae52-4680-9d53-820396678d6a,Groceries Product 51,groceries-product-51,A great Groceries product from Urban Edge.,a9f62412-ab4e-46a4-b908-215d900d4611,d9473997-4972-49fa-afca-292f068b1c0d,9774.8776628595,2026-01-01,2026-01-01
afcb9500-de56-4be0-a2e5-2a9cd72a47a2,Beauty and Personal Care Product 52,beauty-and-personal-care-product-52,A great Beauty and Personal Care product from Trendify.,1c05029c-c897-4135-a7d0-cb3f9130bb3f,38fe5ff3-331d-49a1-afde-2111ae92f3a3,7359.4773436941105,2026-01-01,2026-01-01
087f7b8a-fc42-4e81-b1ba-27862251af37,Electronics Product 53,electronics-product-53,A great Electronics product from Trendify.,f1734bdc-1bd8-41d7-a347-608eff237041,38fe5ff3-331d-49a1-afde-2111ae92f3a3,2401.9043739099106,2026-01-01,2026-01-01
e112a0e7-ae41-497a-b6de-43742ac4ce58,Beauty and Personal Care Product 54,beauty-and-personal-care-product-54,A great Beauty and Personal Care product from Craft & Co.,1c05029c-c897-4135-a7d0-cb3f9130bb3f,278f3623-d35c-48bb-a43e-94635e8cef64,9756.373108784695,2026-01-01,2026-01-01
e0759a7c-8d03-4e14-8c8d-949eb4d10e77,Sports and Outdoors Product 55,sports-and-outdoors-product-55,A great Sports and Outdoors product from Peak Performance.,7adad1e0-c8e3-4c6d-8d7d-81873cecb006,28660588-c024-4d81-8d09-8bd42223f1a9,2325.3603198997425,2026-01-01,2026-01-01
7413d790-9b35-402b-a00a-8d523d39edbb,Sports and Outdoors Product 56,sports-and-outdoors-product-56,A great Sports and Outdoors product from Trendify.,7adad1e0-c8e3-4c6d-8d7d-81873cecb006,38fe5ff3-331d-49a1-afde-2111ae92f3a3,3041.1080691028433,2026-01-01,2026-01-01
46cf004e-e0b6-4e4c-96a5-6338556a8752,Clothing Product 57,clothing-product-57,A great Clothing product from Everyday Essentials.,0c4c8110-d542-431d-87fd-89c15fb61e5b,2578be8c-af9e-4366-8e87-f6b6132a0d4d,7943.2704726914835,2026-01-01,2026-01-01
2666a4a6-dce5-4f93-9340-bbde3208f6a6,Sports and Outdoors Product 58,sports-and-outdoors-product-58,A great Sports and Outdoors product from Craft & Co.,7adad1e0-c8e3-4c6d-8d7d-81873cecb006,278f3623-d35c-48bb-a43e-94635e8cef64,5023.700102026455,2026-01-01,2026-01-01
464be5e0-3c7f-4c2b-a86a-31b3d65f9710,Groceries Product 59,groceries-product-59,A great Groceries product from Bright Home.,a9f62412-ab4e-46a4-b908-215d900d4611,bc8e5b81-224b-49b8-a9e0-617276d0601a,3884.3067811008736,2026-01-01,2026-01-01
2dc5c41f-8a8f-4b07-af88-075f7cf962d7,Electronics Product 60,electronics-product-60,A great Electronics product from Pure Living.,f1734bdc-1bd8-41d7-a347-608eff237041,0709ae63-126c-48f5-bfd7-249e276cc1d0,9039.788052356555,2026-01-01,2026-01-01
45e6367f-29e4-48b0-a1db-58c23195d4e1,Electronics Product 61,electronics-product-61,A great Electronics product from Solstice.,f1734bdc-1bd8-41d7-a347-608eff237041,89ea2f17-c2ca-4fef-ae5a-6dd6957c69a1,2676.7228800751786,2026-01-01,2026-01-01
92439595-be95-4f8a-82b1-6c6d14f0ea13,Home and Garden Product 62,home-and-garden-product-62,A great Home and Garden product from Everyday Essentials.,4f2cb014-abf4-42d6-93f8-f801ea7b1173,2578be8c-af9e-4366-8e87-f6b6132a0d4d,6057.266639959849,2026-01-01,2026-01-01
c9322720-0c92-414f-b422-39e87766976a,Toys and Games Product 63,toys-and-games-product-63,A great Toys and Games product from Solstice.,04a586fb-05d6-43e7-8899-82be5e81b1f7,89ea2f17-c2ca-4fef-ae5a-6dd6957c69a1,9906.658968696924,2026-01-01,2026-01-01
7b431acc-d2a2-45b3-9ffc-0bcc1e393a7f,Home and Garden Product 64,home-and-garden-product-64,A great Home and Garden product from Peak Performance.,4f2cb014-abf4-42d6-93f8-f801ea7b1173,28660588-c024-4d81-8d09-8bd42223f1a9,5894.793357099414,2026-01-01,2026-01-01
e35d920b-6d0f-4fff-a3ca-8adc95fac1a4,Home and Garden Product 65,home-and-garden-product-65,A great Home and Garden product from Peak Performance.,4f2cb014-abf4-42d6-93f8-f801ea7b1173,28660588-c024-4d81-8d09-8bd42223f1a9,2187.06591417974,2026-01-01,2026-01-01
157b8932-f28d-44ac-91c9-cdc39525cbec,Home and Garden Product 66,home-and-garden-product-66,A great Home and Garden product from Nova.,4f2cb014-abf4-42d6-93f8-f801ea7b1173,1cdf4477-f1db-4444-ac52-cb34c06bdf98,9425.59794717524,2026-01-01,2026-01-01
800c9fca-ddff-4634-bcb8-4fb3a60b60ac,Books Product 67,books-product-67,A great Books product from Solstice.,167dd0df-3dc4-4f24-84ce-c8fd765905a4,89ea2f17-c2ca-4fef-ae5a-6dd6957c69a1,1558.4567236710384,2026-01-01,2026-01-01
b5e7d94f-3d7b-414b-b770-b47ae94189b5,Books Product 68,books-product-68,A great Books product from Urban Edge.,167dd0df-3dc4-4f24-84ce-c8fd765905a4,d9473997-4972-49fa-afca-292f068b1c0d,2982.53514334892,2026-01-01,2026-01-01
32d19478-689d-4df2-803d-c4f831c4ff59,Beauty and Personal Care Product 69,beauty-and-personal-care-product-69,A great Beauty and Personal Care product from Zenith.,1c05029c-c897-4135-a7d0-cb3f9130bb3f,02664f5d-9fc8-4a73-ad4d-af0c636ac975,4008.5805878113492,2026-01-01,2026-01-01
1046b91f-52f8-4f60-ba04-d50d9111e11e,Electronics Product 70,electronics-product-70,A great Electronics product from Everyday Essentials.,f1734bdc-1bd8-41d7-a347-608eff237041,2578be8c-af9e-4366-8e87-f6b6132a0d4d,7040.342589835719,2026-01-01,2026-01-01
114cc0c6-7381-4faf-9103-fd1efd8cee6c,Sports and Outdoors Product 71,sports-and-outdoors-product-71,A great Sports and Outdoors product from Craft & Co.,7adad1e0-c8e3-4c6d-8d7d-81873cecb006,278f3623-d35c-48bb-a43e-94635e8cef64,7499.305017817145,2026-01-01,2026-01-01
50180dac-2089-4ddd-afe1-d72e1485c762,Electronics Product 72,electronics-product-72,A great Electronics product from Solstice.,f1734bdc-1bd8-41d7-a347-608eff237041,89ea2f17-c2ca-4fef-ae5a-6dd6957c69a1,8531.4678574682,2026-01-01,2026-01-01
e88f757a-0979-4f66-a7d2-6a644f155c62,Groceries Product 73,groceries-product-73,A great Groceries product from Craft & Co.,a9f62412-ab4e-46a4-b908-215d900d4611,278f3623-d35c-48bb-a43e-94635e8cef64,8607.98961339996,2026-01-01,2026-01-01
e53779f4-b662-46c3-9b20-df936e09f29f,Home and Garden Product 74,home-and-garden-product-74,A great Home and Garden product from Trendify.,4f2cb014-abf4-42d6-93f8-f801ea7b1173,38fe5ff3-331d-49a1-afde-2111ae92f3a3,7469.609526476659,2026-01-01,2026-01-01
9bbed28e-8963-4bfb-a729-e2625c16e191,Clothing Product 75,clothing-product-75,A great Clothing product from Trendify.,0c4c8110-d542-431d-87fd-89c15fb61e5b,38fe5ff3-331d-49a1-afde-2111ae92f3a3,4907.8447430781325,2026-01-01,2026-01-01
f61c3a93-f4ea-4459-80c4-96fef990e29b,Toys and Games Product 76,toys-and-games-product-76,A great Toys and Games product from Trendify.,04a586fb-05d6-43e7-8899-82be5e81b1f7,38fe5ff3-331d-49a1-afde-2111ae92f3a3,8871.313846083302,2026-01-01,2026-01-01
c546e747-d15e-439e-a9a7-d7a52557c01f,Beauty and Personal Care Product 77,beauty-and-personal-care-product-77,A great Beauty and Personal Care product from Zenith.,1c05029c-c897-4135-a7d0-cb3f9130bb3f,02664f5d-9fc8-4a73-ad4d-af0c636ac975,2116.9411372885174,2026-01-01,2026-01-01
609815c4-30d9-436e-9f83-f0584f7746b6,Toys and Games Product 78,toys-and-games-product-78,A great Toys and Games product from Bright Home.,04a586fb-05d6-43e7-8899-82be5e81b1f7,bc8e5b81-224b-49b8-a9e0-617276d0601a,8585.923832868482,2026-01-01,2026-01-01
5ac1c9ec-b0ac-49df-bf28-fdb8d60600ed,Books Product 79,books-product-79,A great Books product from Trendify.,167dd0df-3dc4-4f24-84ce-c8fd765905a4,38fe5ff3-331d-49a1-afde-2111ae92f3a3,6039.081594257145,2026-01-01,2026-01-01
5a0bced5-14c5-4b16-8a9b-28a51dfb45c3,Sports and Outdoors Product 80,sports-and-outdoors-product-80,A great Sports and Outdoors product from Zenith.,7adad1e0-c8e3-4c6d-8d7d-81873cecb006,02664f5d-9fc8-4a73-ad4d-af0c636ac975,4306.340178523516,2026-01-01,2026-01-01
4209894f-0cd5-454e-b96f-cc8f11d8aac9,Home and Garden Product 81,home-and-garden-product-81,A great Home and Garden product from Urban Edge.,4f2cb014-abf4-42d6-93f8-f801ea7b1173,d9473997-4972-49fa-afca-292f068b1c0d,9139.09948571103,2026-01-01,2026-01-01
72866b00-efbb-4d1b-b05d-b57c386397aa,Electronics Product 82,electronics-product-82,A great Electronics product from Nova.,f1734bdc-1bd8-41d7-a347-608eff237041,1cdf4477-f1db-4444-ac52-cb34c06bdf98,4992.665935283064,2026-01-01,2026-01-01
82afbe3e-3818-487c-bbfa-d297bb3b2590,Sports and Outdoors Product 83,sports-and-outdoors-product-83,A great Sports and Outdoors product from Bright Home.,7adad1e0-c8e3-4c6d-8d7d-81873cecb006,bc8e5b81-224b-49b8-a9e0-617276d0601a,7529.767610658709,2026-01-01,2026-01-01
bf0c0b89-9afc-49ab-8d6e-bcc699233379,Toys and Games Product 84,toys-and-games-product-84,A great Toys and Games product from Peak Performance.,04a586fb-05d6-43e7-8899-82be5e81b1f7,28660588-c024-4d81-8d09-8bd42223f1a9,8891.578250340855,2026-01-01,2026-01-01
371eac23-0f25-43df-9b1f-000828134a14,Groceries Product 85,groceries-product-85,A great Groceries product from Lumin.,a9f62412-ab4e-46a4-b908-215d900d4611,584f0bfe-f600-4cbc-9ff3-923419ba96ed,4446.8804456267,2026-01-01,2026-01-01
5ab6928c-6648-435a-9126-435630304f55,Groceries Product 86,groceries-product-86,A great Groceries product from Peak Performance.,a9f62412-ab4e-46a4-b908-215d900d4611,28660588-c024-4d81-8d09-8bd42223f1a9,2417.912596306607,2026-01-01,2026-01-01
76676b51-be84-4c46-9f8c-1281d5485a9b,Clothing Product 87,clothing-product-87,A great Clothing product from Everyday Essentials.,0c4c8110-d542-431d-87fd-89c15fb61e5b,2578be8c-af9e-4366-8e87-f6b6132a0d4d,6895.514976512142,2026-01-01,2026-01-01
4d5d5322-3842-4040-abaf-5e6521d8cbf0,Books Product 88,books-product-88,A great Books product from Vitality.,167dd0df-3dc4-4f24-84ce-c8fd765905a4,f87917e9-127f-403b-9e44-65092d81f281,1720.7075954911832,2026-01-01,2026-01-01
bffb99a0-def6-44b6-a674-f3c9f23e5ba3,Home and Garden Product 89,home-and-garden-product-89,A great Home and Garden product from Bright Home.,4f2cb014-abf4-42d6-93f8-f801ea7b1173,bc8e5b81-224b-49b8-a9e0-617276d0601a,9254.376218659196,2026-01-01,2026-01-01
ac526a67-b454-4de3-b20d-9c2d5db7f995,Groceries Product 90,groceries-product-90,A great Groceries product from Bright Home.,a9f62412-ab4e-46a4-b908-215d900d4611,bc8e5b81-224b-49b8-a9e0-617276d0601a,5005.047385306193,2026-01-01,2026-01-01
9732e0d1-d1a6-4ff9-b9b3-0062f61223af,Books Product 91,books-product-91,A great Books product from Nova.,167dd0df-3dc4-4f24-84ce-c8fd765905a4,1cdf4477-f1db-4444-ac52-cb34c06bdf98,3949.809973810549,2026-01-01,2026-01-01
7ef803ff-fdaf-4ca3-bb27-d0c0a8c05578,Clothing Product 92,clothing-product-92,A great Clothing product from Apex Gear.,0c4c8110-d542-431d-87fd-89c15fb61e5b,6a33a8e0-b007-4bab-a5d8-fe7334e1571e,2871.8672023667577,2026-01-01,2026-01-01
03dfc515-bbac-417d-863d-ee14cf0aa11d,Books Product 93,books-product-93,A great Books product from Apex Gear.,167dd0df-3dc4-4f24-84ce-c8fd765905a4,6a33a8e0-b007-4bab-a5d8-fe7334e1571e,1616.1727146747469,2026-01-01,2026-01-01
73485c58-e069-44a7-95f2-ddbc9c87e994,Sports and Outdoors Product 94,sports-and-outdoors-product-94,A great Sports and Outdoors product from Urban Edge.,7adad1e0-c8e3-4c6d-8d7d-81873cecb006,d9473997-4972-49fa-afca-292f068b1c0d,5242.335717475637,2026-01-01,2026-01-01
a579db85-44df-4313-9e52-ae4d9e2c9455,Groceries Product 95,groceries-product-95,A great Groceries product from Pure Living.,a9f62412-ab4e-46a4-b908-215d900d4611,0709ae63-126c-48f5-bfd7-249e276cc1d0,8471.323045931867,2026-01-01,2026-01-01
3c434342-21d6-4828-9aa9-06636310f855,Books Product 96,books-product-96,A great Books product from Everyday Essentials.,167dd0df-3dc4-4f24-84ce-c8fd765905a4,2578be8c-af9e-4366-8e87-f6b6132a0d4d,5478.19435217003,2026-01-01,2026-01-01
1357fa5b-0645-4e70-ba3d-ccc00d7760b6,Toys and Games Product 97,toys-and-games-product-97,A great Toys and Games product from Zenith.,04a586fb-05d6-43e7-8899-82be5e81b1f7,02664f5d-9fc8-4a73-ad4d-af0c636ac975,1861.4284200634274,2026-01-01,2026-01-01
b5f03ca5-6166-4983-b053-5b2d4bab0e77,Clothing Product 98,clothing-product-98,A great Clothing product from Nova.,0c4c8110-d542-431d-87fd-89c15fb61e5b,1cdf4477-f1db-4444-ac52-cb34c06bdf98,8395.491646061142,2026-01-01,2026-01-01
0eb9eb72-1afa-4b25-a6b0-85a40f2cd75a,Sports and Outdoors Product 99,sports-and-outdoors-product-99,A great Sports and Outdoors product from Apex Gear.,7adad1e0-c8e3-4c6d-8d7d-81873cecb006,6a33a8e0-b007-4bab-a5d8-fe7334e1571e,9226.18833611351,2026-01-01,2026-01-01
42c24c1d-ef2d-420a-9fbf-5a76b312c760,Groceries Product 100,groceries-product-100,A great Groceries product from Trendify.,a9f62412-ab4e-46a4-b908-215d900d4611,38fe5ff3-331d-49a1-afde-2111ae92f3a3,9992.93144500335,2026-01-01,2026-01-01
a60fb20f-7062-47e0-aadb-161ac22f512c,Books Product 101,books-product-101,A great Books product from Urban Edge.,167dd0df-3dc4-4f24-84ce-c8fd765905a4,d9473997-4972-49fa-afca-292f068b1c0d,9307.112072945534,2026-01-01,2026-01-01
a7e1ccd9-b750-4703-9492-3d55f5cb6e10,Beauty and Personal Care Product 102,beauty-and-personal-care-product-102,A great Beauty and Personal Care product from Everyday Essentials.,1c05029c-c897-4135-a7d0-cb3f9130bb3f,2578be8c-af9e-4366-8e87-f6b6132a0d4d,8078.430111530015,2026-01-01,2026-01-01
b4c23fb0-8832-48b3-addd-ee40ec46ff33,Beauty and Personal Care Product 103,beauty-and-personal-care-product-103,A great Beauty and Personal Care product from Pure Living.,1c05029c-c897-4135-a7d0-cb3f9130bb3f,0709ae63-126c-48f5-bfd7-249e276cc1d0,1040.7354219189858,2026-01-01,2026-01-01
d9297485-595b-4726-9ebb-120bd0ecd0da,Groceries Product 104,groceries-product-104,A great Groceries product from Vitality.,a9f62412-ab4e-46a4-b908-215d900d4611,f87917e9-127f-403b-9e44-65092d81f281,3379.570167197001,2026-01-01,2026-01-01
eeab089c-9f01-4593-908b-fb879b04bf6e,Electronics Product 105,electronics-product-105,A great Electronics product from Solstice.,f1734bdc-1bd8-41d7-a347-608eff237041,89ea2f17-c2ca-4fef-ae5a-6dd6957c69a1,3247.2996758015443,2026-01-01,2026-01-01
288a567f-c603-471d-b673-584b8d8d5ee7,Clothing Product 106,clothing-product-106,A great Clothing product from Momentum.,0c4c8110-d542-431d-87fd-89c15fb61e5b,5ac558dd-7bb9-4a4b-bb5b-98235542daca,8870.062665966538,2026-01-01,2026-01-01
bab17d21-13c9-43be-b2e7-22c50cbf9564,Toys and Games Product 107,toys-and-games-product-107,A great Toys and Games product from Nova.,04a586fb-05d6-43e7-8899-82be5e81b1f7,1cdf4477-f1db-4444-ac52-cb34c06bdf98,6839.97741355957,2026-01-01,2026-01-01
88fd2c51-5ee5-420f-899c-91dad48657d6,Books Product 108,books-product-108,A great Books product from Peak Performance.,167dd0df-3dc4-4f24-84ce-c8fd765905a4,28660588-c024-4d81-8d09-8bd42223f1a9,7736.438319422648,2026-01-01,2026-01-01
fd206e46-ffcf-4c56-89d7-b069ebc43222,Sports and Outdoors Product 109,sports-and-outdoors-product-109,A great Sports and Outdoors product from Bright Home.,7adad1e0-c8e3-4c6d-8d7d-81873cecb006,bc8e5b81-224b-49b8-a9e0-617276d0601a,8452.861971283388,2026-01-01,2026-01-01
0a568c10-b6ac-4b66-a10a-034b277db8a5,Groceries Product 110,groceries-product-110,A great Groceries product from Vitality.,a9f62412-ab4e-46a4-b908-215d900d4611,f87917e9-127f-403b-9e44-65092d81f281,3191.798862131267,2026-01-01,2026-01-01
dccda600-beb6-4680-a92d-786a133ac30d,Clothing Product 111,clothing-product-111,A great Clothing product from Peak Performance.,0c4c8110-d542-431d-87fd-89c15fb61e5b,28660588-c024-4d81-8d09-8bd42223f1a9,2148.1503630107154,2026-01-01,2026-01-01
17b5b7a7-a5ea-4f0a-931b-71e706f6b6b6,Beauty and Personal Care Product 112,beauty-and-personal-care-product-112,A great Beauty and Personal Care product from Everyday Essentials.,1c05029c-c897-4135-a7d0-cb3f9130bb3f,2578be8c-af9e-4366-8e87-f6b6132a0d4d,7446.218211575996,2026-01-01,2026-01-01
37a7b5e9-9401-4dac-be16-991592f7feca,Clothing Product 113,clothing-product-113,A great Clothing product from Momentum.,0c4c8110-d542-431d-87fd-89c15fb61e5b,5ac558dd-7bb9-4a4b-bb5b-98235542daca,1598.8996408497242,2026-01-01,2026-01-01
75c9d305-b18e-45fe-8268-e261f5336158,Groceries Product 114,groceries-product-114,A great Groceries product from Pure Living.,a9f62412-ab4e-46a4-b908-215d900d4611,0709ae63-126c-48f5-bfd7-249e276cc1d0,1650.6682961268154,2026-01-01,2026-01-01
5e981192-3c4a-4917-ad31-42afa60a0ed2,Groceries Product 115,groceries-product-115,A great Groceries product from Craft & Co.,a9f62412-ab4e-46a4-b908-215d900d4611,278f3623-d35c-48bb-a43e-94635e8cef64,9445.040636329391,2026-01-01,2026-01-01
a010eade-9842-4c39-bc44-b2134211b493,Groceries Product 116,groceries-product-116,A great Groceries product from Zenith.,a9f62412-ab4e-46a4-b908-215d900d4611,02664f5d-9fc8-4a73-ad4d-af0c636ac975,8425.389685974522,2026-01-01,2026-01-01
55759751-2943-4672-a92f-9ec383799c00,Toys and Games Product 117,toys-and-games-product-117,A great Toys and Games product from Lumin.,04a586fb-05d6-43e7-8899-82be5e81b1f7,584f0bfe-f600-4cbc-9ff3-923419ba96ed,8101.237721469393,2026-01-01,2026-01-01
81aa24b9-62e1-4b34-99b6-c9ed4b77f9c0,Beauty and Personal Care Product 118,beauty-and-personal-care-product-118,A great Beauty and Personal Care product from Zenith.,1c05029c-c897-4135-a7d0-cb3f9130bb3f,02664f5d-9fc8-4a73-ad4d-af0c636ac975,1195.1403465186083,2026-01-01,2026-01-01
2903bec2-c873-4569-880e-ace6aa893300,Home and Garden Product 119,home-and-garden-product-119,A great Home and Garden product from Everyday Essentials.,4f2cb014-abf4-42d6-93f8-f801ea7b1173,2578be8c-af9e-4366-8e87-f6b6132a0d4d,6650.2419385135745,2026-01-01,2026-01-01
0060db38-4fa7-4234-a724-05aecf4d76ec,Books Product 120,books-product-120,A great Books product from Nova.,167dd0df-3dc4-4f24-84ce-c8fd765905a4,1cdf4477-f1db-4444-ac52-cb34c06bdf98,2727.3173801369776,2026-01-01,2026-01-01
50ee4b15-604c-4fba-b3b4-2c3fc282320c,Clothing Product 121,clothing-product-121,A great Clothing product from Vitality.,0c4c8110-d542-431d-87fd-89c15fb61e5b,f87917e9-127f-403b-9e44-65092d81f281,3290.882162212824,2026-01-01,2026-01-01
bc884a16-b6b4-4178-9ef4-4d92ea5a1a3c,Groceries Product 122,groceries-product-122,A great Groceries product from Vitality.,a9f62412-ab4e-46a4-b908-215d900d4611,f87917e9-127f-403b-9e44-65092d81f281,4439.654939552478,2026-01-01,2026-01-01
66a2c372-0c26-4ff7-87dc-85d9c74d9d4b,Beauty and Personal Care Product 123,beauty-and-personal-care-product-123,A great Beauty and Personal Care product from Craft & Co.,1c05029c-c897-4135-a7d0-cb3f9130bb3f,278f3623-d35c-48bb-a43e-94635e8cef64,1585.0497006340497,2026-01-01,2026-01-01
ab0bee58-7426-4e34-8da9-2ba86e1691bc,Home and Garden Product 124,home-and-garden-product-124,A great Home and Garden product from Solstice.,4f2cb014-abf4-42d6-93f8-f801ea7b1173,89ea2f17-c2ca-4fef-ae5a-6dd6957c69a1,6536.526210843474,2026-01-01,2026-01-01
aeec2ac6-157b-458e-96e1-9dc19826877c,Groceries Product 125,groceries-product-125,A great Groceries product from Craft & Co.,a9f62412-ab4e-46a4-b908-215d900d4611,278f3623-d35c-48bb-a43e-94635e8cef64,2973.912766098712,2026-01-01,2026-01-01
25784127-6814-4aa2-9e8b-d33409be061e,Books Product 126,books-product-126,A great Books product from Trendify.,167dd0df-3dc4-4f24-84ce-c8fd765905a4,38fe5ff3-331d-49a1-afde-2111ae92f3a3,9106.263737882868,2026-01-01,2026-01-01
263affe6-90ee-4e9d-9062-00e5cb5bf029,Clothing Product 127,clothing-product-127,A great Clothing product from Peak Performance.,0c4c8110-d542-431d-87fd-89c15fb61e5b,28660588-c024-4d81-8d09-8bd42223f1a9,8409.329906657393,2026-01-01,2026-01-01
fb981ec7-eda0-4ba7-9970-f652cc6460f7,Groceries Product 128,groceries-product-128,A great Groceries product from Everyday Essentials.,a9f62412-ab4e-46a4-b908-215d900d4611,2578be8c-af9e-4366-8e87-f6b6132a0d4d,6867.494768419622,2026-01-01,2026-01-01
194ce51e-a574-4ce2-91e7-7b07d994b9b3,Home and Garden Product 129,home-and-garden-product-129,A great Home and Garden product from Urban Edge.,4f2cb014-abf4-42d6-93f8-f801ea7b1173,d9473997-4972-49fa-afca-292f068b1c0d,4341.360218853254,2026-01-01,2026-01-01
199d7d14-0053-4311-a835-27e51cb75649,Toys and Games Product 130,toys-and-games-product-130,A great Toys and Games product from Nova.,04a586fb-05d6-43e7-8899-82be5e81b1f7,1cdf4477-f1db-4444-ac52-cb34c06bdf98,9843.451798099804,2026-01-01,2026-01-01
678147b5-e382-480b-83c0-e390f75a0171,Beauty and Personal Care Product 131,beauty-and-personal-care-product-131,A great Beauty and Personal Care product from Bright Home.,1c05029c-c897-4135-a7d0-cb3f9130bb3f,bc8e5b81-224b-49b8-a9e0-617276d0601a,6732.140196494183,2026-01-01,2026-01-01
a4ac63fc-ed15-4bf0-a139-a48cd0bb82a5,Groceries Product 132,groceries-product-132,A great Groceries product from Solstice.,a9f62412-ab4e-46a4-b908-215d900d4611,89ea2f17-c2ca-4fef-ae5a-6dd6957c69a1,3966.1252662773554,2026-01-01,2026-01-01
29d5f06d-0527-49c1-a761-3f684518e0ee,Toys and Games Product 133,toys-and-games-product-133,A great Toys and Games product from Craft & Co.,04a586fb-05d6-43e7-8899-82be5e81b1f7,278f3623-d35c-48bb-a43e-94635e8cef64,1169.047770113547,2026-01-01,2026-01-01
3ca7b1e0-3bc8-4d6a-8ca1-c92e8ef4f818,Clothing Product 134,clothing-product-134,A great Clothing product from Trendify.,0c4c8110-d542-431d-87fd-89c15fb61e5b,38fe5ff3-331d-49a1-afde-2111ae92f3a3,1901.7553992713563,2026-01-01,2026-01-01
542742d3-e185-423c-936c-10bc8b3fb25e,Clothing Product 135,clothing-product-135,A great Clothing product from Pure Living.,0c4c8110-d542-431d-87fd-89c15fb61e5b,0709ae63-126c-48f5-bfd7-249e276cc1d0,3203.863493826081,2026-01-01,2026-01-01
4f53b5a8-69e4-4611-8a4f-4a65710de1db,Toys and Games Product 136,toys-and-games-product-136,A great Toys and Games product from Pure Living.,04a586fb-05d6-43e7-8899-82be5e81b1f7,0709ae63-126c-48f5-bfd7-249e276cc1d0,8876.467461960745,2026-01-01,2026-01-01
14217782-4928-41c6-9d7a-b55eb3ea4de2,Electronics Product 137,electronics-product-137,A great Electronics product from Nova.,f1734bdc-1bd8-41d7-a347-608eff237041,1cdf4477-f1db-4444-ac52-cb34c06bdf98,5338.074790009506,2026-01-01,2026-01-01
cd52b61d-6635-4c05-b069-b39a55229945,Books Product 138,books-product-138,A great Books product from Peak Performance.,167dd0df-3dc4-4f24-84ce-c8fd765905a4,28660588-c024-4d81-8d09-8bd42223f1a9,7088.3245544663105,2026-01-01,2026-01-01
d7726a2a-3467-4ece-9ed7-a777beeb9f19,Sports and Outdoors Product 139,sports-and-outdoors-product-139,A great Sports and Outdoors product from Craft & Co.,7adad1e0-c8e3-4c6d-8d7d-81873cecb006,278f3623-d35c-48bb-a43e-94635e8cef64,8177.328837800863,2026-01-01,2026-01-01
c7173086-e491-4428-932f-bf2475005a14,Beauty and Personal Care Product 140,beauty-and-personal-care-product-140,A great Beauty and Personal Care product from Urban Edge.,1c05029c-c897-4135-a7d0-cb3f9130bb3f,d9473997-4972-49fa-afca-292f068b1c0d,8689.325582542608,2026-01-01,2026-01-01
9b8ee665-8d39-4c15-a8a4-dd05406f3a4f,Toys and Games Product 141,toys-and-games-product-141,A great Toys and Games product from Craft & Co.,04a586fb-05d6-43e7-8899-82be5e81b1f7,278f3623-d35c-48bb-a43e-94635e8cef64,1744.6928452179568,2026-01-01,2026-01-01
f64c0ffc-7158-4be7-853a-0c84cad081ed,Home and Garden Product 142,home-and-garden-product-142,A great Home and Garden product from Lumin.,4f2cb014-abf4-42d6-93f8-f801ea7b1173,584f0bfe-f600-4cbc-9ff3-923419ba96ed,8268.896754589929,2026-01-01,2026-01-01
2866294a-308e-4f33-b312-bb8937ee0ba7,Books Product 143,books-product-143,A great Books product from Peak Performance.,167dd0df-3dc4-4f24-84ce-c8fd765905a4,28660588-c024-4d81-8d09-8bd42223f1a9,5851.462342138562,2026-01-01,2026-01-01
5b8df8da-bacb-4653-8288-f536c0b444be,Electronics Product 144,electronics-product-144,A great Electronics product from Trendify.,f1734bdc-1bd8-41d7-a347-608eff237041,38fe5ff3-331d-49a1-afde-2111ae92f3a3,2381.274162560738,2026-01-01,2026-01-01
aecf5e98-01f3-4fbf-81cf-fbccbf9081f5,Toys and Games Product 145,toys-and-games-product-145,A great Toys and Games product from Everyday Essentials.,04a586fb-05d6-43e7-8899-82be5e81b1f7,2578be8c-af9e-4366-8e87-f6b6132a0d4d,5736.785599796894,2026-01-01,2026-01-01
f62ac818-36d6-4f1a-a9dd-846b5046ff40,Beauty and Personal Care Product 146,beauty-and-personal-care-product-146,A great Beauty and Personal Care product from Lumin.,1c05029c-c897-4135-a7d0-cb3f9130bb3f,584f0bfe-f600-4cbc-9ff3-923419ba96ed,8639.553949879846,2026-01-01,2026-01-01
bbf6b6f2-9d08-4d58-a6db-3abed090f1cb,Groceries Product 147,groceries-product-147,A great Groceries product from Craft & Co.,a9f62412-ab4e-46a4-b908-215d900d4611,278f3623-d35c-48bb-a43e-94635e8cef64,6206.7620170796345,2026-01-01,2026-01-01
5886affb-c157-4d67-9b8e-71273d373301,Groceries Product 148,groceries-product-148,A great Groceries product from Pure Living.,a9f62412-ab4e-46a4-b908-215d900d4611,0709ae63-126c-48f5-bfd7-249e276cc1d0,3398.11729019203,2026-01-01,2026-01-01
92b97174-851a-4223-8ff2-48252d4c22c3,Beauty and Personal Care Product 149,beauty-and-personal-care-product-149,A great Beauty and Personal Care product from Urban Edge.,1c05029c-c897-4135-a7d0-cb3f9130bb3f,d9473997-4972-49fa-afca-292f068b1c0d,8646.715808354367,2026-01-01,2026-01-01
